{
  "name": "vue-admin",
  "version": "0.1.0",
  "private": true,
  "description": "ZZX",
  "author": "ZZX",
  "scripts": {
    "serve": "vue-cli-service serve",
    "build": "vue-cli-service build",
    "lint": "vue-cli-service lint",
    "electron:build": "vue-cli-service electron:build",
    "electron:serve": "vue-cli-service electron:serve",
    "postinstall": "electron-builder install-app-deps",
    "postuninstall": "electron-builder install-app-deps"
  },
  "main": "background.js",
  "dependencies": {
    "core-js": "^3.8.3",
    "vue": "^3.2.13",
    "vue-router": "^4.5.0",
    "vuex": "^4.1.0"
  },
  "devDependencies": {
    "@babel/core": "^7.12.16",
    "@babel/eslint-parser": "^7.12.16",
    "@vue/cli-plugin-babel": "~5.0.0",
    "@vue/cli-plugin-eslint": "~5.0.0",
    "@vue/cli-service": "~5.0.0",
    "electron": "^21.4.4",
    "electron-devtools-installer": "^3.1.0",
    "eslint": "^7.32.0",
    "eslint-plugin-vue": "^8.0.3",
    "less": "^4.2.2",
    "less-loader": "^12.2.0",
    "vue-cli-plugin-electron-builder": "~3.0.0-alpha.2"
  },
  "eslintConfig": {
    "root": true,
    "env": {
      "node": true
    },
    "extends": [
      "plugin:vue/vue3-essential",
      "eslint:recommended"
    ],
    "parserOptions": {
      "parser": "@babel/eslint-parser"
    },
    "rules": {}
  },
  "browserslist": [
    "> 1%",
    "last 2 versions",
    "not dead",
    "not ie 11"
  ],
  "build": {
    "appId": "com.yourapp.id",
    "productName": "YourAppName",
    "directories": {
      "output": "dist_electron"
    },
    "files": [
      "dist/**/*",
      "background.js",
      "!node_modules/**"
    ]
  },
  "__npminstall_done": false
}